PRAGMA foreign_keys=OFF;
BEGIN TRANSACTION;
CREATE TABLE team_aliases (
id_team INTEGER,
alias TEXT
);
INSERT INTO team_aliases VALUES(2,'HFX Wanderers');
INSERT INTO team_aliases VALUES(3,'York United FC');
INSERT INTO team_aliases VALUES(3,'York9 FC');
INSERT INTO team_aliases VALUES(11,'CF Montreal');
INSERT INTO team_aliases VALUES(11,'Montreal Impact');
INSERT INTO team_aliases VALUES(12,'TFC');
INSERT INTO team_aliases VALUES(13,'Whitecaps FC');
INSERT INTO team_aliases VALUES(13,'Vancouver Whitecaps FC');
INSERT INTO team_aliases VALUES(15,'Vaughan Azzurri');
INSERT INTO team_aliases VALUES(30,'Atlanta United FC');
INSERT INTO team_aliases VALUES(31,'Chicago Fire');
INSERT INTO team_aliases VALUES(34,'Columbus Crew SC');
INSERT INTO team_aliases VALUES(35,'D.C. United');
INSERT INTO team_aliases VALUES(38,'NY Red Bulls');
INSERT INTO team_aliases VALUES(39,'Orlando City');
INSERT INTO team_aliases VALUES(43,'Houston Dynamo FC');
INSERT INTO team_aliases VALUES(46,'Los Angeles Football Club');
INSERT INTO team_aliases VALUES(47,'Minnesota United FC');
INSERT INTO team_aliases VALUES(51,'Seattle Sounders');
INSERT INTO team_aliases VALUES(270,'United States of America');
INSERT INTO team_aliases VALUES(324,'Alliance United FC');
INSERT INTO team_aliases VALUES(360,'TSS FC Rovers');
CREATE TABLE teams (
id_team INTEGER PRIMARY KEY AUTOINCREMENT,
name TEXT NOT NULL,
   tz TEXT default "American/Toronto",
handle TEXT DEFAULT NULL
);
INSERT INTO teams VALUES(1,'Atlético Ottawa','America/Toronto',NULL);
INSERT INTO teams VALUES(2,'HFX Wanderers FC','America/Halifax',NULL);
INSERT INTO teams VALUES(3,'York United','America/Toronto',NULL);
INSERT INTO teams VALUES(4,'Forge FC','America/Toronto',NULL);
INSERT INTO teams VALUES(5,'Valour FC','America/Winnipeg',NULL);
INSERT INTO teams VALUES(6,'Vancouver FC','America/Vancouver',NULL);
INSERT INTO teams VALUES(7,'FC Edmonton','America/Edmonton',NULL);
INSERT INTO teams VALUES(8,'Cavalry FC','America/Edmonton',NULL);
INSERT INTO teams VALUES(9,'Pacific FC','America/Vancouver',NULL);
INSERT INTO teams VALUES(10,'Ottawa Fury','America/Toronto',NULL);
INSERT INTO teams VALUES(11,'CF Montréal','America/Toronto',NULL);
INSERT INTO teams VALUES(12,'Toronto FC','America/Toronto',NULL);
INSERT INTO teams VALUES(13,'Vancouver Whitecaps','America/Vancouver',NULL);
INSERT INTO teams VALUES(14,'Whitecaps FC Girls Elite','America/Vancouver',NULL);
INSERT INTO teams VALUES(15,'Vaughan Azzurri SC','America/Toronto',NULL);
INSERT INTO teams VALUES(16,'AS Blainville','America/Toronto',NULL);
INSERT INTO teams VALUES(17,'CS Herediano','America/Costa_Rica',NULL);
INSERT INTO teams VALUES(18,'Deportivo Saprissa','America/Costa_Rica',NULL);
INSERT INTO teams VALUES(19,'FC Motagua','America/Tegucigalpa',NULL);
INSERT INTO teams VALUES(20,'CD Olimpia','America/Tegucigalpa',NULL);
INSERT INTO teams VALUES(21,'Tauro FC','America/Panama',NULL);
INSERT INTO teams VALUES(22,'Santa Tecla FC','America/El_Salvador',NULL);
INSERT INTO teams VALUES(23,'Alianza FC','America/El_Salvador',NULL);
INSERT INTO teams VALUES(24,'Alianza Women FC','America/El_Salvador',NULL);
INSERT INTO teams VALUES(25,'Comunicaciones FC','America/Guatemala',NULL);
INSERT INTO teams VALUES(26,'CD Guastatoya','America/Guatemala',NULL);
INSERT INTO teams VALUES(27,'Antigua GFC','America/Guatemala',NULL);
INSERT INTO teams VALUES(28,'Managua FC','America/Managua',NULL);
INSERT INTO teams VALUES(29,'Belmopan Bandits','America/Belize',NULL);
INSERT INTO teams VALUES(30,'Atlanta United','America/New_York',NULL);
INSERT INTO teams VALUES(31,'Chicago Fire FC','America/Chicago',NULL);
INSERT INTO teams VALUES(32,'FC Cincinnati','America/New_York',NULL);
INSERT INTO teams VALUES(33,'Charlotte FC','America/New_York',NULL);
INSERT INTO teams VALUES(34,'Columbus Crew','America/New_York',NULL);
INSERT INTO teams VALUES(35,'DC United','America/New_York',NULL);
INSERT INTO teams VALUES(36,'New England Revolution','America/New_York',NULL);
INSERT INTO teams VALUES(37,'New York City FC','America/New_York',NULL);
INSERT INTO teams VALUES(38,'New York Red Bulls','America/New_York',NULL);
INSERT INTO teams VALUES(39,'Orlando City SC','America/New_York',NULL);
INSERT INTO teams VALUES(40,'Philadelphia Union','America/New_York',NULL);
INSERT INTO teams VALUES(41,'Colorado Rapids','America/Denver',NULL);
INSERT INTO teams VALUES(42,'FC Dallas','America/Chicago',NULL);
INSERT INTO teams VALUES(43,'Houston Dynamo','America/Chicago',NULL);
INSERT INTO teams VALUES(44,'LA Galaxy','America/Los_Angeles',NULL);
INSERT INTO teams VALUES(45,'San Diego FC','America/Los_Angeles',NULL);
INSERT INTO teams VALUES(46,'LAFC','America/Los_Angeles',NULL);
INSERT INTO teams VALUES(47,'Minnesota United','America/Chicago',NULL);
INSERT INTO teams VALUES(48,'Portland Timbers','America/Los_Angeles',NULL);
INSERT INTO teams VALUES(49,'Real Salt Lake','America/Denver',NULL);
INSERT INTO teams VALUES(50,'San Jose Earthquakes','America/Los_Angeles',NULL);
INSERT INTO teams VALUES(51,'Seattle Sounders FC','America/Los_Angeles',NULL);
INSERT INTO teams VALUES(52,'Sporting Kansas City','America/Chicago',NULL);
INSERT INTO teams VALUES(53,'Atlético de San Luis','America/Monterrey',NULL);
INSERT INTO teams VALUES(54,'Tigres UANL','America/Monterrey',NULL);
INSERT INTO teams VALUES(55,'Santos Laguna','America/Mexico_City',NULL);
INSERT INTO teams VALUES(56,'CF Monterrey','America/Monterrey',NULL);
INSERT INTO teams VALUES(57,'Deportivo Toluca FC','America/Mexico_City',NULL);
INSERT INTO teams VALUES(58,'CD Marathon','America/Tegucigalpa',NULL);
INSERT INTO teams VALUES(59,'Independiente','America/Panama',NULL);
INSERT INTO teams VALUES(60,'Club America','America/Mexico_City',NULL);
INSERT INTO teams VALUES(61,'CD Guadalajara','America/Mexico_City',NULL);
INSERT INTO teams VALUES(62,'Cruz Azul','America/Mexico_City',NULL);
INSERT INTO teams VALUES(63,'Pumas UNAM','America/Mexico_City',NULL);
INSERT INTO teams VALUES(64,'Club Leon','America/Mexico_City',NULL);
INSERT INTO teams VALUES(65,'CF Pachuca','America/Mexico_City',NULL);
INSERT INTO teams VALUES(66,'Club Necaxa','America/Mexico_City',NULL);
INSERT INTO teams VALUES(67,'Club Puebla','America/Mexico_City',NULL);
INSERT INTO teams VALUES(68,'Club Atlas','America/Mexico_City',NULL);
INSERT INTO teams VALUES(69,'Lobos BUAP','America/Mexico_City',NULL);
INSERT INTO teams VALUES(70,'Club Atletico Monarcas','America/Mexico_City',NULL);
INSERT INTO teams VALUES(71,'Queretaro FC','America/Mexico_City',NULL);
INSERT INTO teams VALUES(72,'Club Tijuana','America/Tijuana',NULL);
INSERT INTO teams VALUES(73,'Club Deportivo Tiburones Rojos de Veracruz','America/Mexico_City',NULL);
INSERT INTO teams VALUES(74,'Canada','America/Toronto',NULL);
INSERT INTO teams VALUES(75,'Afghanistan',NULL,NULL);
INSERT INTO teams VALUES(76,'Albania',NULL,NULL);
INSERT INTO teams VALUES(77,'Algeria',NULL,NULL);
INSERT INTO teams VALUES(78,'American Samoa',NULL,NULL);
INSERT INTO teams VALUES(79,'Andorra',NULL,NULL);
INSERT INTO teams VALUES(80,'Angola',NULL,NULL);
INSERT INTO teams VALUES(81,'Anguilla',NULL,NULL);
INSERT INTO teams VALUES(82,'Antigua and Barbuda',NULL,NULL);
INSERT INTO teams VALUES(83,'Argentina',NULL,NULL);
INSERT INTO teams VALUES(84,'Armenia',NULL,NULL);
INSERT INTO teams VALUES(85,'Suriname',NULL,NULL);
INSERT INTO teams VALUES(86,'Aruba',NULL,NULL);
INSERT INTO teams VALUES(87,'Australia',NULL,NULL);
INSERT INTO teams VALUES(88,'Austria',NULL,NULL);
INSERT INTO teams VALUES(89,'Azerbaijan',NULL,NULL);
INSERT INTO teams VALUES(90,'Bahamas',NULL,NULL);
INSERT INTO teams VALUES(91,'Bahrain',NULL,NULL);
INSERT INTO teams VALUES(92,'Bangladesh',NULL,NULL);
INSERT INTO teams VALUES(93,'Barbados',NULL,NULL);
INSERT INTO teams VALUES(94,'Belarus',NULL,NULL);
INSERT INTO teams VALUES(95,'Belgium',NULL,NULL);
INSERT INTO teams VALUES(96,'Belize',NULL,NULL);
INSERT INTO teams VALUES(97,'Benin',NULL,NULL);
INSERT INTO teams VALUES(98,'Bermuda',NULL,NULL);
INSERT INTO teams VALUES(99,'Bhutan',NULL,NULL);
INSERT INTO teams VALUES(100,'Bolivia',NULL,NULL);
INSERT INTO teams VALUES(101,'Bosnia and Herzegovina',NULL,NULL);
INSERT INTO teams VALUES(102,'Botswana',NULL,NULL);
INSERT INTO teams VALUES(103,'Brazil',NULL,NULL);
INSERT INTO teams VALUES(104,'British Virgin Islands',NULL,NULL);
INSERT INTO teams VALUES(105,'Brunei',NULL,NULL);
INSERT INTO teams VALUES(106,'Bulgaria',NULL,NULL);
INSERT INTO teams VALUES(107,'Burkina Faso',NULL,NULL);
INSERT INTO teams VALUES(108,'Burundi',NULL,NULL);
INSERT INTO teams VALUES(109,'Cambodia',NULL,NULL);
INSERT INTO teams VALUES(110,'Cameroon',NULL,NULL);
INSERT INTO teams VALUES(111,'Cape Verde',NULL,NULL);
INSERT INTO teams VALUES(112,'Cayman Islands',NULL,NULL);
INSERT INTO teams VALUES(113,'Central African Republic',NULL,NULL);
INSERT INTO teams VALUES(114,'Chad',NULL,NULL);
INSERT INTO teams VALUES(115,'Chile',NULL,NULL);
INSERT INTO teams VALUES(116,'China',NULL,NULL);
INSERT INTO teams VALUES(117,'Chinese Taipei',NULL,NULL);
INSERT INTO teams VALUES(118,'Colombia',NULL,NULL);
INSERT INTO teams VALUES(119,'Comoros',NULL,NULL);
INSERT INTO teams VALUES(120,'Congo',NULL,NULL);
INSERT INTO teams VALUES(121,'Cook Islands',NULL,NULL);
INSERT INTO teams VALUES(122,'Costa Rica','America/Costa_Rica',NULL);
INSERT INTO teams VALUES(123,'Scotland',NULL,NULL);
INSERT INTO teams VALUES(124,'Croatia',NULL,NULL);
INSERT INTO teams VALUES(125,'Cuba',NULL,NULL);
INSERT INTO teams VALUES(126,'Curacao',NULL,NULL);
INSERT INTO teams VALUES(127,'Cyprus',NULL,NULL);
INSERT INTO teams VALUES(128,'Czechia',NULL,NULL);
INSERT INTO teams VALUES(129,'Czech Republic',NULL,NULL);
INSERT INTO teams VALUES(130,'Denmark',NULL,NULL);
INSERT INTO teams VALUES(131,'Djibouti',NULL,NULL);
INSERT INTO teams VALUES(132,'Dominica',NULL,NULL);
INSERT INTO teams VALUES(133,'Dominican Republic',NULL,NULL);
INSERT INTO teams VALUES(134,'DR Congo',NULL,NULL);
INSERT INTO teams VALUES(135,'Ecuador',NULL,NULL);
INSERT INTO teams VALUES(136,'Egypt',NULL,NULL);
INSERT INTO teams VALUES(137,'El Salvador',NULL,NULL);
INSERT INTO teams VALUES(138,'England',NULL,NULL);
INSERT INTO teams VALUES(139,'Equatorial Guinea',NULL,NULL);
INSERT INTO teams VALUES(140,'Eritrea',NULL,NULL);
INSERT INTO teams VALUES(141,'Estonia',NULL,NULL);
INSERT INTO teams VALUES(142,'Eswatini',NULL,NULL);
INSERT INTO teams VALUES(143,'Ethiopia',NULL,NULL);
INSERT INTO teams VALUES(144,'Faroe Islands',NULL,NULL);
INSERT INTO teams VALUES(145,'Fiji',NULL,NULL);
INSERT INTO teams VALUES(146,'Finland',NULL,NULL);
INSERT INTO teams VALUES(147,'France',NULL,NULL);
INSERT INTO teams VALUES(148,'Gabon',NULL,NULL);
INSERT INTO teams VALUES(149,'Gambia',NULL,NULL);
INSERT INTO teams VALUES(150,'Georgia',NULL,NULL);
INSERT INTO teams VALUES(151,'Germany',NULL,NULL);
INSERT INTO teams VALUES(152,'Ghana',NULL,NULL);
INSERT INTO teams VALUES(153,'Gibraltar',NULL,NULL);
INSERT INTO teams VALUES(154,'Greece',NULL,NULL);
INSERT INTO teams VALUES(155,'Grenada',NULL,NULL);
INSERT INTO teams VALUES(156,'Guam',NULL,NULL);
INSERT INTO teams VALUES(157,'Guatemala',NULL,NULL);
INSERT INTO teams VALUES(158,'Guinea',NULL,NULL);
INSERT INTO teams VALUES(159,'Guinea-Bissau',NULL,NULL);
INSERT INTO teams VALUES(160,'Guyana',NULL,NULL);
INSERT INTO teams VALUES(161,'Haiti',NULL,NULL);
INSERT INTO teams VALUES(162,'Honduras',NULL,NULL);
INSERT INTO teams VALUES(163,'Hong Kong',NULL,NULL);
INSERT INTO teams VALUES(164,'Hungary',NULL,NULL);
INSERT INTO teams VALUES(165,'Iceland',NULL,NULL);
INSERT INTO teams VALUES(166,'India',NULL,NULL);
INSERT INTO teams VALUES(167,'Indonesia',NULL,NULL);
INSERT INTO teams VALUES(168,'Iran',NULL,NULL);
INSERT INTO teams VALUES(169,'Iraq',NULL,NULL);
INSERT INTO teams VALUES(170,'Israel',NULL,NULL);
INSERT INTO teams VALUES(171,'Italy',NULL,NULL);
INSERT INTO teams VALUES(172,'Cote d''Ivoire',NULL,NULL);
INSERT INTO teams VALUES(173,'Saudi Arabia',NULL,NULL);
INSERT INTO teams VALUES(174,'Côte d''Ivoire',NULL,NULL);
INSERT INTO teams VALUES(175,'Ivory Coast',NULL,NULL);
INSERT INTO teams VALUES(176,'Jamaica',NULL,NULL);
INSERT INTO teams VALUES(177,'Japan',NULL,NULL);
INSERT INTO teams VALUES(178,'Jordan',NULL,NULL);
INSERT INTO teams VALUES(179,'Kazakhstan',NULL,NULL);
INSERT INTO teams VALUES(180,'Kenya',NULL,NULL);
INSERT INTO teams VALUES(181,'Kosovo',NULL,NULL);
INSERT INTO teams VALUES(182,'Kuwait',NULL,NULL);
INSERT INTO teams VALUES(183,'Kyrgyzstan',NULL,NULL);
INSERT INTO teams VALUES(184,'Laos',NULL,NULL);
INSERT INTO teams VALUES(185,'Latvia',NULL,NULL);
INSERT INTO teams VALUES(186,'Lebanon',NULL,NULL);
INSERT INTO teams VALUES(187,'Lesotho',NULL,NULL);
INSERT INTO teams VALUES(188,'Liberia',NULL,NULL);
INSERT INTO teams VALUES(189,'Libya',NULL,NULL);
INSERT INTO teams VALUES(190,'Liechtenstein',NULL,NULL);
INSERT INTO teams VALUES(191,'Lithuania',NULL,NULL);
INSERT INTO teams VALUES(192,'Luxembourg',NULL,NULL);
INSERT INTO teams VALUES(193,'Macau',NULL,NULL);
INSERT INTO teams VALUES(194,'Ukraine',NULL,NULL);
INSERT INTO teams VALUES(195,'North Macedonia',NULL,NULL);
INSERT INTO teams VALUES(196,'Madagascar',NULL,NULL);
INSERT INTO teams VALUES(197,'Malawi',NULL,NULL);
INSERT INTO teams VALUES(198,'Malaysia',NULL,NULL);
INSERT INTO teams VALUES(199,'Maldives',NULL,NULL);
INSERT INTO teams VALUES(200,'Mali',NULL,NULL);
INSERT INTO teams VALUES(201,'Malta',NULL,NULL);
INSERT INTO teams VALUES(202,'Mauritania',NULL,NULL);
INSERT INTO teams VALUES(203,'Mauritius',NULL,NULL);
INSERT INTO teams VALUES(204,'Mexico',NULL,NULL);
INSERT INTO teams VALUES(205,'Moldova',NULL,NULL);
INSERT INTO teams VALUES(206,'Mongolia',NULL,NULL);
INSERT INTO teams VALUES(207,'Montenegro',NULL,NULL);
INSERT INTO teams VALUES(208,'Montserrat',NULL,NULL);
INSERT INTO teams VALUES(209,'Morocco',NULL,NULL);
INSERT INTO teams VALUES(210,'Mozambique',NULL,NULL);
INSERT INTO teams VALUES(211,'Myanmar',NULL,NULL);
INSERT INTO teams VALUES(212,'Namibia',NULL,NULL);
INSERT INTO teams VALUES(213,'Nepal',NULL,NULL);
INSERT INTO teams VALUES(214,'Senegal',NULL,NULL);
INSERT INTO teams VALUES(215,'Netherlands',NULL,NULL);
INSERT INTO teams VALUES(216,'New Caledonia',NULL,NULL);
INSERT INTO teams VALUES(217,'New Zealand',NULL,NULL);
INSERT INTO teams VALUES(218,'Nicaragua',NULL,NULL);
INSERT INTO teams VALUES(219,'Niger',NULL,NULL);
INSERT INTO teams VALUES(220,'Nigeria',NULL,NULL);
INSERT INTO teams VALUES(221,'South Africa',NULL,NULL);
INSERT INTO teams VALUES(222,'South Korea',NULL,NULL);
INSERT INTO teams VALUES(223,'North Korea',NULL,NULL);
INSERT INTO teams VALUES(224,'Northern Ireland',NULL,NULL);
INSERT INTO teams VALUES(225,'Norway',NULL,NULL);
INSERT INTO teams VALUES(226,'Oman',NULL,NULL);
INSERT INTO teams VALUES(227,'Pakistan',NULL,NULL);
INSERT INTO teams VALUES(228,'Palestine',NULL,NULL);
INSERT INTO teams VALUES(229,'Panama',NULL,NULL);
INSERT INTO teams VALUES(230,'Papua New Guinea',NULL,NULL);
INSERT INTO teams VALUES(231,'Paraguay','America/Asuncion',NULL);
INSERT INTO teams VALUES(232,'Peru',NULL,NULL);
INSERT INTO teams VALUES(233,'Philippines',NULL,NULL);
INSERT INTO teams VALUES(234,'Slovenia',NULL,NULL);
INSERT INTO teams VALUES(235,'Slovakia',NULL,NULL);
INSERT INTO teams VALUES(236,'Poland',NULL,NULL);
INSERT INTO teams VALUES(237,'Portugal',NULL,NULL);
INSERT INTO teams VALUES(238,'Puerto Rico',NULL,NULL);
INSERT INTO teams VALUES(239,'Qatar',NULL,NULL);
INSERT INTO teams VALUES(240,'Republic of Ireland',NULL,NULL);
INSERT INTO teams VALUES(241,'Romania',NULL,NULL);
INSERT INTO teams VALUES(242,'Russia',NULL,NULL);
INSERT INTO teams VALUES(243,'Rwanda',NULL,NULL);
INSERT INTO teams VALUES(244,'St. Kitts and Nevis',NULL,NULL);
INSERT INTO teams VALUES(245,'Venezuela',NULL,NULL);
INSERT INTO teams VALUES(246,'Trinidad and Tobago',NULL,NULL);
INSERT INTO teams VALUES(247,'Artsakh',NULL,NULL);
INSERT INTO teams VALUES(248,'Basque Country',NULL,NULL);
INSERT INTO teams VALUES(249,'Bonaire',NULL,NULL);
INSERT INTO teams VALUES(250,'Catalonia',NULL,NULL);
INSERT INTO teams VALUES(251,'French Guiana',NULL,NULL);
INSERT INTO teams VALUES(252,'Great Britain',NULL,NULL);
INSERT INTO teams VALUES(253,'Greenland',NULL,NULL);
INSERT INTO teams VALUES(254,'Guadeloupe',NULL,NULL);
INSERT INTO teams VALUES(255,'Kiribati',NULL,NULL);
INSERT INTO teams VALUES(256,'Martinique',NULL,NULL);
INSERT INTO teams VALUES(257,'Northern Cyprus',NULL,NULL);
INSERT INTO teams VALUES(258,'Northern Mariana Islands',NULL,NULL);
INSERT INTO teams VALUES(259,'Reunion',NULL,NULL);
INSERT INTO teams VALUES(260,'Saint Martin',NULL,NULL);
INSERT INTO teams VALUES(261,'Sint Maarten',NULL,NULL);
INSERT INTO teams VALUES(262,'Turkey',NULL,NULL);
INSERT INTO teams VALUES(263,'Turkiye',NULL,NULL);
INSERT INTO teams VALUES(264,'Türkiye',NULL,NULL);
INSERT INTO teams VALUES(265,'Tuvalu',NULL,NULL);
INSERT INTO teams VALUES(266,'Vatican City',NULL,NULL);
INSERT INTO teams VALUES(267,'Zanzibar',NULL,NULL);
INSERT INTO teams VALUES(268,'Spain',NULL,NULL);
INSERT INTO teams VALUES(269,'Sweden',NULL,NULL);
INSERT INTO teams VALUES(270,'USA',NULL,NULL);
INSERT INTO teams VALUES(271,'Uzbekistan',NULL,NULL);
INSERT INTO teams VALUES(272,'Wales',NULL,NULL);
INSERT INTO teams VALUES(273,'Switzerland',NULL,NULL);
INSERT INTO teams VALUES(274,'Uruguay',NULL,NULL);
INSERT INTO teams VALUES(275,'Austin FC','America/Chicago',NULL);
INSERT INTO teams VALUES(276,'Inter Miami CF','America/New_York',NULL);
INSERT INTO teams VALUES(277,'Nashville SC','America/Chicago',NULL);
INSERT INTO teams VALUES(278,'Charleston Battery','America/New_York',NULL);
INSERT INTO teams VALUES(279,'Atlanta United 2','America/New_York',NULL);
INSERT INTO teams VALUES(280,'Bethlehem Steel FC','America/New_York',NULL);
INSERT INTO teams VALUES(281,'Birmingham Legion FC','America/Chicago',NULL);
INSERT INTO teams VALUES(282,'Charlotte Independence','America/New_York',NULL);
INSERT INTO teams VALUES(283,'Hartford Athletic','America/New_York',NULL);
INSERT INTO teams VALUES(284,'Indy Eleven','America/Chicago',NULL);
INSERT INTO teams VALUES(285,'Loudoun United FC','America/New_York',NULL);
INSERT INTO teams VALUES(286,'Louisville City FC','America/New_York',NULL);
INSERT INTO teams VALUES(287,'Memphis 901 FC','America/Chicago',NULL);
INSERT INTO teams VALUES(288,'New York Red Bull II','America/New_York',NULL);
INSERT INTO teams VALUES(289,'North Carolina FC','America/New_York',NULL);
INSERT INTO teams VALUES(290,'Pittsburgh Riverhounds SC','America/New_York',NULL);
INSERT INTO teams VALUES(291,'Saint Louis FC','America/Chicago',NULL);
INSERT INTO teams VALUES(292,'Swope Park Rangers','America/Chicago',NULL);
INSERT INTO teams VALUES(293,'Tampa Bay Rowdies','America/New_York',NULL);
INSERT INTO teams VALUES(294,'St. Louis City SC','America/Chicago',NULL);
INSERT INTO teams VALUES(295,'Austin Bold FC','America/Chicago',NULL);
INSERT INTO teams VALUES(296,'Colorado Springs Switchbacks FC','America/Denver',NULL);
INSERT INTO teams VALUES(297,'Fresno FC','America/Los_Angeles',NULL);
INSERT INTO teams VALUES(298,'El Paso Locomotive FC','America/Denver',NULL);
INSERT INTO teams VALUES(299,'LA Galaxy II','America/Los_Angeles',NULL);
INSERT INTO teams VALUES(300,'Las Vegas Lights FC','America/Los_Angeles',NULL);
INSERT INTO teams VALUES(301,'New Mexico United','America/Denver',NULL);
INSERT INTO teams VALUES(302,'Oklahoma City Energy FC','America/Chicago',NULL);
INSERT INTO teams VALUES(303,'Orange County SC','America/Los_Angeles',NULL);
INSERT INTO teams VALUES(304,'Phoenix Rising FC','America/Denver',NULL);
INSERT INTO teams VALUES(305,'Portland Timbers 2','America/Los_Angeles',NULL);
INSERT INTO teams VALUES(306,'Real Monarchs','America/Denver',NULL);
INSERT INTO teams VALUES(307,'Reno 1868 FC','America/Los_Angeles',NULL);
INSERT INTO teams VALUES(308,'Rio Grande Valley FC','America/Chicago',NULL);
INSERT INTO teams VALUES(309,'Sacramento Republic FC','America/Los_Angeles',NULL);
INSERT INTO teams VALUES(310,'San Antonio FC','America/Chicago',NULL);
INSERT INTO teams VALUES(311,'Tacoma Defiance','America/Los_Angeles',NULL);
INSERT INTO teams VALUES(312,'Tulsa Roughnecks FC','America/Chicago',NULL);
INSERT INTO teams VALUES(313,'Master''s Futbol Academy','America/Toronto',NULL);
INSERT INTO teams VALUES(314,'Portmore United','America/Jamaica',NULL);
INSERT INTO teams VALUES(315,'Waterhouse FC','America/Jamaica',NULL);
INSERT INTO teams VALUES(316,'Municipal Limeno','America/El_Salvador',NULL);
INSERT INTO teams VALUES(317,'AD San Carlos','America/Costa_Rica',NULL);
INSERT INTO teams VALUES(318,'Arcahaie FC','America/Port-au-Prince',NULL);
INSERT INTO teams VALUES(319,'CD FAS','America/El_Salvador',NULL);
INSERT INTO teams VALUES(320,'Santos de Guápiles FC','America/Costa_Rica',NULL);
INSERT INTO teams VALUES(321,'Guelph Union','America/Toronto',NULL);
INSERT INTO teams VALUES(322,'Guelph United FC','America/Toronto',NULL);
INSERT INTO teams VALUES(323,'CS Mont-Royal Outremont','America/Toronto',NULL);
INSERT INTO teams VALUES(324,'Alliance United','America/Toronto',NULL);
INSERT INTO teams VALUES(325,'Blue Devils FC','America/Toronto',NULL);
INSERT INTO teams VALUES(326,'Burlington SC','America/Toronto',NULL);
INSERT INTO teams VALUES(327,'BVB IA Waterloo','America/Toronto',NULL);
INSERT INTO teams VALUES(328,'Darby FC','America/Toronto',NULL);
INSERT INTO teams VALUES(329,'Electric City FC','America/Toronto',NULL);
INSERT INTO teams VALUES(330,'Hamilton United','America/Toronto',NULL);
INSERT INTO teams VALUES(331,'FC London','America/Toronto',NULL);
INSERT INTO teams VALUES(332,'North Mississauga SC','America/Toronto',NULL);
INSERT INTO teams VALUES(333,'North Toronto Nitros','America/Toronto',NULL);
INSERT INTO teams VALUES(334,'Pickering FC','America/Toronto',NULL);
INSERT INTO teams VALUES(335,'ProStars FC','America/Toronto',NULL);
INSERT INTO teams VALUES(336,'Scrosoppi FC','America/Toronto',NULL);
INSERT INTO teams VALUES(337,'Sigma FC','America/Toronto',NULL);
INSERT INTO teams VALUES(338,'Simcoe County Rovers FC','America/Toronto',NULL);
INSERT INTO teams VALUES(339,'St. Catharines Roma Wolves','America/Toronto',NULL);
INSERT INTO teams VALUES(340,'Unionville Milliken SC','America/Toronto',NULL);
INSERT INTO teams VALUES(341,'Windsor TFC','America/Toronto',NULL);
INSERT INTO teams VALUES(342,'Woodbridge Strikers','America/Toronto',NULL);
INSERT INTO teams VALUES(343,'Celtix du Haut-Richelieu','America/Toronto',NULL);
INSERT INTO teams VALUES(344,'CS Lanaudière-Nord','America/Toronto',NULL);
INSERT INTO teams VALUES(345,'AS Laval','America/Toronto',NULL);
INSERT INTO teams VALUES(346,'FC Laval','America/Toronto',NULL);
INSERT INTO teams VALUES(347,'CS Longueuil','America/Toronto',NULL);
INSERT INTO teams VALUES(348,'CF Montréal U23','America/Toronto',NULL);
INSERT INTO teams VALUES(349,'CS Saint-Laurent','America/Toronto',NULL);
INSERT INTO teams VALUES(350,'CS St-Hubert','America/Toronto',NULL);
INSERT INTO teams VALUES(351,'Ottawa South United','America/Toronto',NULL);
INSERT INTO teams VALUES(352,'Royal-Sélect de Beauport','America/Toronto',NULL);
INSERT INTO teams VALUES(353,'Tecumseh SC','America/Toronto',NULL);
INSERT INTO teams VALUES(354,'AS Chaudière-Ouest','America/Toronto',NULL);
INSERT INTO teams VALUES(355,'Pierrefonds FC','America/Toronto',NULL);
INSERT INTO teams VALUES(356,'csapef-qc','America/Toronto',NULL);
INSERT INTO teams VALUES(357,'Varsity FC','America/Toronto',NULL);
INSERT INTO teams VALUES(358,'Altitude FC','America/Vancouver',NULL);
INSERT INTO teams VALUES(359,'Rivers FC','America/Vancouver',NULL);
INSERT INTO teams VALUES(360,'TSS Rovers','America/Vancouver',NULL);
INSERT INTO teams VALUES(361,'Unity FC','America/Vancouver',NULL);
INSERT INTO teams VALUES(362,'Victoria Highlanders FC','America/Vancouver',NULL);
INSERT INTO teams VALUES(363,'NDC Ontario','America/Toronto',NULL);
INSERT INTO teams VALUES(364,'Calgary Blizzard','America/Edmonton',NULL);
INSERT INTO teams VALUES(365,'Real Espana','America/Tegucigalpa',NULL);
INSERT INTO teams VALUES(366,'PEF Quebec','America/Toronto',NULL);
INSERT INTO teams VALUES(367,'Calgary Wild FC','America/Edmonton',NULL);
INSERT INTO teams VALUES(368,'Halifax Tides FC','America/Halifax',NULL);
INSERT INTO teams VALUES(369,'Montréal Roses FC','America/Toronto',NULL);
INSERT INTO teams VALUES(370,'Ottawa Rapid FC','America/Toronto',NULL);
INSERT INTO teams VALUES(371,'AFC Toronto','America/Toronto',NULL);
INSERT INTO teams VALUES(372,'Vancouver Rise FC','America/Vancouver',NULL);
INSERT INTO teams VALUES(373,'Santa Fe FC','America/Panama',NULL);
CREATE TABLE competitions (
id_competition INTEGER PRIMARY KEY AUTOINCREMENT,
handle TEXT NOT NULL,
flag_active BOOLEAN default TRUE,
name TEXT default NULL,
logo TEXT default NULL,
create_before INTEGER default 24,
delete_after INTEGER default 24,
color TEXT default NULL,
roleid_optout TEXT default NULL,
category TEXT default NULL,
flag_intl BOOLEAN default 0);
INSERT INTO competitions VALUES(1,'cpl',1,'Canadian Premier League',NULL,24,24,NULL,'1343600531200802916','549396452456136714',1);
CREATE TABLE matches (
id_match INTEGER PRIMARY KEY AUTOINCREMENT,
home INTEGER NOT NULL,
away INTEGER NOT NULL,
id_competition INTEGER NOT NULL,
status TEXT default '',
dt_kickoff timestamp DEFAULT NULL,
dt_delete timestamp DEFAULT  NULL,
tz TEXT NOT NULL,
venue TEXT NOT NULL,
description TEXT default NULL,
channel_name TEXT default NULL,
channel_id TEXT default NULL,
flag_warned BOOLEAN default FALSE,
channel_topic TEXT default NULL,
msgid_welcome TEXT default NULL,
hours_before INTEGER default NULL,
hours_after INTEGER default NULL,
_key TEXT default NULL);
CREATE TABLE info (
 id_info INTEGER PRIMARY KEY AUTOINCREMENT,
 obj TEXT NOT NULL,
 field TEXT NOT NULL,
 info TEXT DEFAULT NULL
 );
INSERT INTO info VALUES(3,'config','channel_cmds','Channel where most CanuckBot commands must be sent from.');
INSERT INTO info VALUES(4,'config','channel_logs','Channel for CanuckBot logs.');
INSERT INTO info VALUES(5,'config','default_category','Category  under which match channels will be created if one isn''t defined for the competition.');
INSERT INTO info VALUES(6,'config','default_color','Default color to use when posting match info embed.');
INSERT INTO info VALUES(7,'config','default_create_before','Create match channels [value] hours before kickoff.');
INSERT INTO info VALUES(8,'config','default_delete_after','Delete match channels [value] hours after kickoff.');
INSERT INTO info VALUES(9,'config','default_kickoff_warning','Send a message in the match channel [value] minutes before kickoff.');
INSERT INTO info VALUES(10,'config','default_logo','Default logo URL to use if one isn''t defined.');
INSERT INTO info VALUES(11,'config','default_tz','Default timezone to use.');
INSERT INTO info VALUES(12,'config','mngr_roleid','Required Discord Role to manage CanuckBot');
INSERT INTO info VALUES(14,'manager','userid','Discord ID of a manager.');
INSERT INTO info VALUES(15,'manager','dt_added','Date when a user got manager privileges.');
INSERT INTO info VALUES(16,'manager','added_by','Discord user who added a manager.');
CREATE TABLE managers (
userid INTEGER NOT NULL PRIMARY KEY,
dt_added timestamp NOT NULL DEFAULT CURRENT_TIMESTAMP,
added_by INTEGER DEFAULT NULL
);
INSERT INTO managers VALUES(138734348299010048,'2025-02-18 04:40:48',138734348299010048);
CREATE TABLE config (field TEXT PRIMARY KEY NOT NULL, value TEXT);
INSERT INTO config VALUES('channel_logs','1098772794986217595');
INSERT INTO config VALUES('channel_cmds','1100837760585171074');
INSERT INTO config VALUES('default_create_before','24');
INSERT INTO config VALUES('default_delete_after','24');
INSERT INTO config VALUES('default_kickoff_warning',NULL);
INSERT INTO config VALUES('default_category','549396452456136714');
INSERT INTO config VALUES('default_logo',NULL);
INSERT INTO config VALUES('default_tz','American/Toronto');
INSERT INTO config VALUES('mngr_roleid','1343600531200802916');
INSERT INTO config VALUES('default_color','0xFFFFFF');
DELETE FROM sqlite_sequence;
INSERT INTO sqlite_sequence VALUES('info',16);
INSERT INTO sqlite_sequence VALUES('competitions',1);
INSERT INTO sqlite_sequence VALUES('teams',373);
COMMIT;
